---
layout: post
category: 技术
title: 常用的SQL语句总结
---

**本文总结一下常用的sql语句，主要参考[w3school](http://www.w3school.com.cn/sql/index.asp)**  

# 1. SQL语法

SQL(Structure Query Language)可以分为两个部分：DML(Data Manage Language,数据操作语言)和DDL(Data Definition Language，数据定义语言)。  

其中，查询和更新指令构成了SQL的DML部分：
1. SELECT 查询
2. UPDATE 更新
3. DELETE 删除
4. INSERT INTO 插入

而DDL，数据定义部分可以让我们创建或删除表格，定义索引(键),规定表之间的连接，施加表之间的约束。  
最重要的DDL语句：   
1. CREATE DATABASE 创建数据库
2. ALTER DATABASE 更新数据库
3. CREATE TABLE 创建新表
4. ALTER TABLE 更新表
5. DROP TABLE 删除表
6. CREATE INDEX 新建索引
7. DROP INDEX 删除索引

## 最简单的**增删改查**：
```shell
mysql> create table lab_info (host varchar(10),ip varchar(15),username varchar(20),passwd varchar(20));
Query OK, 0 rows affected (1.80 sec)
mysql> show tables;
+----------------+
| Tables_in_test |
+----------------+
| award          |
| employee       |
| lab_info       |
+----------------+
3 rows in set (0.01 sec)

mysql> desc lab_info;
+----------+-------------+------+-----+---------+-------+
| Field    | Type        | Null | Key | Default | Extra |
+----------+-------------+------+-----+---------+-------+
| host     | varchar(10) | YES  |     | NULL    |       |
| ip       | varchar(15) | YES  |     | NULL    |       |
| username | varchar(20) | YES  |     | NULL    |       |
| passwd   | varchar(20) | YES  |     | NULL    |       |
+----------+-------------+------+-----+---------+-------+
4 rows in set (0.10 sec)

mysql> insert into lab_info values('hp14','135.252.107.215','ai','heihei');
mysql> select * from lab_info;
+------+-----------------+----------+--------+
| host | ip              | username | passwd |
+------+-----------------+----------+--------+
| hp14 | 135.252.107.215 | ai       | heihei |
+------+-----------------+----------+--------+

mysql> delete from lab_info where host='hp14';
Query OK, 1 row affected (0.17 sec)

mysql> select * from lab_info;
Empty set (0.00 sec)
```
## distinct

显示非重复的列：
```shell
mysql> select distinct ip from lab_info;
```
## order by

排序，默认按字母顺序升序排列(a-z), 如果想降序，可加DESC(而且可以同时order两个域)：
```shell
SELECT Company, OrderNumber FROM Orders ORDER BY Company DESC, OrderNumber ASC
```
上面的语句会显示company和ordernumber这两列，company是降序排列，ordernumber是升序排列。  

## insert
插入一行，可以选择填入全部列的信息，也可以只填写指定列，例如：
```shell
INSERT INTO Persons (LastName, Address) VALUES ('Wilson', 'Champs-Elysees')
```
上句表示插入一行，但是只填入lastname和address两列，其他列为空。  

## udpate
更新，同时更新多个域：
```shell
UPDATE Person SET Address = 'Zhongshan 23', City = 'Nanjing'
WHERE LastName = 'Wilson'
```

## delete
删除表中的某一行，一般用where指定，也可以删除所有行而不破坏表结构：
```
DELETE FROM table_name

或者：

DELETE * FROM table_name
```

## top
返回指定数目，或者指定百分比数目的行：
```shell
SELECT TOP 50 PERCENT * FROM Persons;
```
ps: 由于版本问题，top命令可能会报错，使用limit关键字可以达到相同效果：
```shell
select * from persons limit 5;
```
## like, not like

搭配通配符`%`使用：
```shell
SELECT * FROM Persons WHERE City LIKE '%lon%'

SELECT * FROM Persons WHERE City NOT LIKE '%lon%'
```

## in, between, not between
in 搭配括号允许给定多个值：
```shell
SELECT * FROM Persons WHERE LastName IN ('Adams','Carter')
```
between and, not between and的功能类似：
```shell
SELECT * FROM Persons
WHERE LastName
NOT BETWEEN 'Adams' AND 'Carter'
```
ps: 对于边界值的问题，不通数据库的行为可能不一样，经测，mysql应该包括了前边界，不包括后边界。

## alias别名
可以给表或者列名定义别名，便于阅读和查看.  

表别名：
```shell
SELECT po.OrderID, p.LastName, p.FirstName
FROM Persons AS p, Product_Orders AS po
WHERE p.LastName='Adams' AND p.FirstName='John'
```
列别名：
```shell
SELECT LastName AS Family, FirstName AS Name
FROM Persons
```

## join,inner join, left join, right join, full join
如果从两张表里面获取相关的数据可以使用下面的方法：
```shell
SELECT Persons.LastName, Persons.FirstName, Orders.OrderNo
FROM Persons, Orders
WHERE Persons.Id_P = Orders.Id_P 
```
也可以用join关键字，支持的功能更强大。 
 
### 1. join, inner join  
join 和 inner join是等价的，只返回两个表中能符合匹配条件的行。
```shell
SELECT Persons.LastName, Persons.FirstName, Orders.OrderNo
FROM Persons
inner join Orders
ON Persons.Id_P = Orders.Id_P 
```
**ps:** 需要注意的是，join语句的条件不是用`where`，而是用`on`. 
### 2. left join， right join， full join
left join表示一定会打印出左表中的所有行，右表则只打印符合匹配条件的行，所以会出现下面这种输出情况：
```shell
SELECT Persons.LastName, Persons.FirstName, Orders.OrderNo
FROM Persons
LEFT JOIN Orders
ON Persons.Id_P=Orders.Id_P
ORDER BY Persons.LastName
```

LastName 	|FirstName |	OrderNo
---|---|---
Adams |	John |	22456
Adams 	|John |	24562
Carter 	|Thomas| 	77895
Carter |	Thomas| 	44678
Bush |	George| 	 

同理，right join换做打印右表的所有行。
类似的，full join则是左表和右表都打印所有行，如果某些行不匹配，则留空。  

## union，union all
合并两个select语句的结果，一起显示，条件是select的列的个数必须相同，列的数据类型相似，列的顺序相同。   

union:
```shell
SELECT E_Name FROM Employees_China
UNION
SELECT E_Name FROM Employees_USA

SELECT E_Name FROM Employees_China
UNION ALL
SELECT E_Name FROM Employees_USA
```
union 和 union all的区别是 union all会显示所有的结果，即使有重复; union自带了去重功能。

## select into
 用于查询的同时，将结果输出到另一张表中(也可以将新表插入到其他数据库中)，常被用于备份数据，支持select能支持的一切使用方式。   

直接来个带join的：
```shell
SELECT Persons.LastName,Orders.OrderNo
INTO Persons_Order_Backup in 'backup.mdb'
FROM Persons
INNER JOIN Orders
ON Persons.Id_P=Orders.Id_P
```
实际上就是在select * 后面加了个into

## constraint 约束
约束主要有：主键、外键、非空、唯一、默认值、检查约束。
### 1. 主键
主键只能有一个，而且主键自带主键索引，定义有两种方式，一种是在创建表的时候，一种是后定义。 

创建表时定义：
```shell
CREATE TABLE Persons
(
Id_P int NOT NULL,
LastName varchar(255) NOT NULL,
FirstName varchar(255),
Address varchar(255),
City varchar(255),
PRIMARY KEY (Id_P)
)
```
后定义：
```shell
ALTER TABLE Persons
ADD PRIMARY KEY (Id_P)
```
删除：
```shell
alter table persons
drop primary key
```

### 2. 外键
外键约束必须指向另一个表的主键。定义方式有两种：

创建表时：
```shell
CREATE TABLE Orders
(
Id_O int NOT NULL,
OrderNo int NOT NULL,
Id_P int,
PRIMARY KEY (Id_O),
FOREIGN KEY (Id_P) REFERENCES Persons(Id_P)
)
```
后定义：
```shell
ALTER TABLE Orders
ADD FOREIGN KEY (Id_P)
REFERENCES Persons(Id_P)
```
删除：
```shell
ALTER TABLE Orders
DROP FOREIGN KEY fk_PerOrders
```
fk_PerOrders 是foreign key的名字。  

### 3. 唯一
创建：
```shell
CREATE TABLE Persons
(
Id_P int NOT NULL UNIQUE,
LastName varchar(255) NOT NULL,
FirstName varchar(255),
Address varchar(255),
City varchar(255)
)

ALTER TABLE Persons
ADD UNIQUE (Id_P)

alter table persons add unique (id_p,lastname)
```
删除：
```shell
ALTER TABLE Persons
DROP INDEX uc_PersonID
```

### 4. 非空
非空约束只能在创建表的时候创建：
```shell
CREATE TABLE Persons
(
Id_P int NOT NULL,
LastName varchar(255) NOT NULL,
FirstName varchar(255),
Address varchar(255),
City varchar(255)
)
```

### 检查
检查约束用于限制列中值的范围

定义：
```shell
CREATE TABLE Persons
(
Id_P int NOT NULL CHECK (Id_P>0),
LastName varchar(255) NOT NULL,
FirstName varchar(255),
Address varchar(255),
City varchar(255)
)

ALTER TABLE Persons
ADD CHECK (Id_P>0)
```
删除：
```shell
ALTER TABLE Persons
DROP CHECK chk_Person
```
### 5. 默认值
创建：
```shell
CREATE TABLE Persons
(
Id_P int NOT NULL,
LastName varchar(255) NOT NULL,
FirstName varchar(255),
Address varchar(255),
City varchar(255) DEFAULT 'Sandnes'
)

更改：
ALTER TABLE Persons
ALTER City SET DEFAULT 'SANDNES'
```

删除：
```shell
ALTER TABLE Persons
ALTER City DROP DEFAULT
```
ps：默认值约束的语法和其他的有一点差别，需要两次alter。

# SQL 函数
SQL 中的函数的基本使用格式是：
```shell
SELECT function(列) FROM 表
```
函数包括aggregate和scalar两种，aggregate基本是操作一系列的值，返回一个值。

aggregate 函数何简单解释如下表：

函数|功能
---|---
AVG(column) 	|返回某列的平均值	 
COUNT(column) 	|返回某列的行数（不包括NULL值）
COUNT(*) 	|返回被选行数
COUNT(DISTINCT column) |	返回相异结果的数目
FIRST(column) |	返回在指定的域中第一个记录的值（SQLServer2000 不支持）
LAST(column) |	返回在指定的域中最后一个记录的值（SQLServer2000 不支持）
MAX(column) |	返回某列的最高值
MIN(column) |	返回某列的最低值
SUM(column) |	返回某列的总和	 
mid(colume,start[,end])| 提取指定开始和结束位置的字符
len(colume)|返回字符长度
rount(colume,decimals)|指定四舍五入的小数位数
now()|当前日期时间
format(colume, format)|按指定格式输出
ucase(colume),lcase(colume)| 大小写转换

## avg()
```shell
SELECT Customer FROM Orders
WHERE OrderPrice>(SELECT AVG(OrderPrice) FROM Orders)
```

## count()
```shell
COUNT(column_name) 函数返回指定列的值的数目（NULL 不计入）：
SELECT COUNT(column_name) FROM table_name

COUNT(*) 函数返回表中的记录数：
SELECT COUNT(*) FROM table_name

COUNT(DISTINCT column_name) 函数返回指定列的不同值的数目：
SELECT COUNT(DISTINCT column_name) FROM table_name
```

## first, last
```shell
SELECT FIRST(OrderPrice) AS FirstOrderPrice FROM Orders
SELECT LAST(OrderPrice) AS LastOrderPrice FROM Orders
```

## max, min
```shell
SELECT MIN(OrderPrice) AS SmallestOrderPrice FROM Orders
```

## sum()
求某一列之和：
```shell
SELECT SUM(OrderPrice) AS OrderTotal FROM Orders
```
## group by
group by 用来给结果分组，下例中，Customer会返回一整列的值，SUM(OrderPrice)会返回一个总值，如果不用group by，则得到的结果不准确。
```shell
SELECT Customer,SUM(OrderPrice) FROM Orders
GROUP BY Customer
```

## having
having 语句可以理解为为了aggregate合计函数设计的where用法，因为where关键字无法和函数一起合用，例如类似`where sum(c1) > 10`这种情况是不支持的，这时候可以用having解决`having sum(c1) >10`.
```
SELECT Customer,SUM(OrderPrice) FROM Orders
GROUP BY Customer
HAVING SUM(OrderPrice)<2000

或：
SELECT Customer,SUM(OrderPrice) FROM Orders
WHERE Customer='Bush' OR Customer='Adams'
GROUP BY Customer
HAVING SUM(OrderPrice)>1500
```